Make,Model,First Registration,Kilometrage,Body,Body Color,Body Color Original,Country version,Emission Class,Ffuel,Fuel,Gearing Type,Gears,Last Service Date,Nr. of Doors,Nr. of Seats,Offer Number,Paint Type,Previous Owners,Price,Status,Title,Type,Upholstery,Warranty,Weight,Ch,index,kW,km,link,transmission
Renault,ZOE,2014,"19,146 km",Sedans,Grey,,,Euro 6,"Manual, Electric",Electric,Manual,6,,,4,cpy_5fd69c0c-0543-4dee-928c-9b8b78cc1cdc,Uni/basic,,"€ 7,500.-",Used,We have developed a new application design for you:,Used,"Velour, Grey",12 months,"1,403 kg",58 hp,66,43 kW,"19,146 km",https://www.autoscout24.com//offers/renault-zoe-zen-b-rent-electric-grey-2cbb1a91-2a37-4262-b42a-4ae8ff88005c,"Manual, Electric"
smart,forTwo,2018,"12,000 km",Convertible,Grey,,,Euro 6,Electric,Electric,,1,,3,2,cpy_b4eb4264-9833-4ae8-9922-9e847280ec09,Metallic,1,"€ 15,850.-",Used,We have developed a new application design for you:,Used,"Full leather, Black",12 months,"1,115 kg",82 hp,134,60 kW,"12,000 km",https://www.autoscout24.com//offers/smart-fortwo-electric-drive-pure-electric-grey-1f7fb6a1-456d-408c-9bd1-a561cda359a0,Electric
Renault,ZOE,2014,"19,146 km",Sedans,Grey,,,Euro 6,"Manual, Electric",Electric,Manual,6,,,4,cpy_5fd69c0c-0543-4dee-928c-9b8b78cc1cdc,Uni/basic,,"€ 7,500.-",Used,We have developed a new application design for you:,Used,"Velour, Grey",12 months,"1,403 kg",58 hp,197,43 kW,"19,146 km",https://www.autoscout24.com//offers/renault-zoe-zen-b-rent-electric-grey-2cbb1a91-2a37-4262-b42a-4ae8ff88005c,"Manual, Electric"
smart,forTwo,2015,"22,000 km",Convertible,White,,Monaco,Euro 5,"Automatic, Electric",Electric,Automatic,5,05/2020,2,2,,,2,"€ 11,500.-","Used, Full Service History",We have developed a new application design for you:,Used,"Cloth, Black",,995 kg,48 hp,103,35 kW,"22,000 km",https://www.autoscout24.com//offers/smart-fortwo-smart-cabrio-electric-drive-avec-batterie-electric-white-54093c16-6d1f-4a99-8b54-b4676e337cde,"Automatic, Electric"
Hyundai,Ioniq,2017,"56,000 km",Sedans,White,,,,"Automatic, Electric",Electric,Automatic,1,,5,5,,,,"€ 17,500.-",Used,We have developed a new application design for you:,Used,,,"1,495 kg",120 hp,0,88 kW,"56,000 km",https://www.autoscout24.com//offers/hyundai-ioniq-electric-120-ch-creative-electric-white-424720af-61df-273c-e053-0100007f3e9d,"Automatic, Electric"
Renault,ZOE,2014,"20,120 km",Sedans,White,blanc,,,"Automatic, Electric",Electric,Automatic,,,5,5,51138MCA,,,"€ 10,690.-",Used,We have developed a new application design for you:,Used,,,,88 hp,1,65 kW,"20,120 km",https://www.autoscout24.com//offers/renault-zoe-zen-charge-rapide-electric-white-b3b7b5fe-ecb8-4dd3-82bc-003b7043c3e8,"Automatic, Electric"
Renault,Kangoo,2017,"12,722 km",Transporter,White,BLANC,,,"Automatic, Electric",Electric,Automatic,,,3,,11179,,,"€ 13,490.-",Used,We have developed a new application design for you:,Used,,6 months,,61 hp,2,45 kW,"12,722 km",https://www.autoscout24.com//offers/renault-kangoo-ii-express-ze-maxi-grand-volume-grand-confort-electric-white-464ca1ee-c4cc-4ea6-a8bb-4456744af48a,"Automatic, Electric"
smart,forTwo,2018,"3,000 km",Compact,,Peinture noir non métallisé,,,"Automatic, Electric",Electric,Automatic,,,3,2,th86-FB-840-ZL,,,"€ 17,990.-",Used,We have developed a new application design for you:,Used,,12 months,,83 hp,3,61 kW,"3,000 km",https://www.autoscout24.com//offers/smart-fortwo-electrique-82ch-prime-electric-e9115a8a-9af5-48eb-ada5-286716c0e525,"Automatic, Electric"
BMW,i3,2020,115 km,Sedans,,Imperialblau avec accent Froze,,,"Automatic, Electric",Electric,Automatic,,,5,,6467,Metallic,1,"€ 29,995.-",Used,We have developed a new application design for you:,Used,,,,173 hp,4,127 kW,115 km,https://www.autoscout24.com//offers/bmw-i3-170-ch-120-ah-ilife-electric-c5c5e336-ca59-457b-a5c8-59e7ec71d9db,"Automatic, Electric"
Renault,ZOE,2016,"22,109 km",Sedans,,TEINTE CAISSE BLANC GLACIER,,,Electric,Electric,,,,,,VO019161,,,"€ 11,490.-",Used,We have developed a new application design for you:,Used,,6 months,,- hp,5,- kW,"22,109 km",https://www.autoscout24.com//offers/renault-zoe-intens-gamme-2017-electric-c13c883d-f01f-41f6-9820-31f93b707537,Electric
Volkswagen,Golf,2020,10 km,Sedans,White,blanc,,,"Automatic, Electric",Electric,Automatic,,,5,5,GW_V1798,,,"€ 25,428.-",Used,We have developed a new application design for you:,Used,,,,136 hp,6,100 kW,10 km,https://www.autoscout24.com//offers/volkswagen-golf-vii-e-136-led-gps-parkassi-electric-white-b550e592-9279-4478-a971-639517e30b42,"Automatic, Electric"
BMW,i3,2016,"42,223 km",Sedans,,Iconic silver,,,"Automatic, Electric",Electric,Automatic,,,5,,11484,,1,"€ 21,500.-",Used,We have developed a new application design for you:,Used,,6 months,,- hp,7,- kW,"42,223 km",https://www.autoscout24.com//offers/bmw-i3-170ch-94ah-ilife-loft-electric-330d67d5-6999-4f27-810d-589a8ff043c1,"Automatic, Electric"
Nissan,Leaf,2016,"45,041 km",Compact,White,BLANC ARCTIQUE,,,"Automatic, Electric",Electric,Automatic,,,5,,32763,,,"€ 10,490.-",Used,We have developed a new application design for you:,Used,,6 months,,110 hp,8,81 kW,"45,041 km",https://www.autoscout24.com//offers/nissan-leaf-109ch-24kwh-visia-electric-white-98279582-0de0-4dd2-97f0-a08bdb458bb9,"Automatic, Electric"
Renault,ZOE,2019,"12,584 km",Sedans,White,blanc,,,"Automatic, Electric",Electric,Automatic,,,5,,VO192792,,,"€ 14,890.-",Used,We have developed a new application design for you:,Used,,12 months,,90 hp,9,66 kW,"12,584 km",https://www.autoscout24.com//offers/renault-zoe-r90-life-electric-white-9114d7f9-bde5-44c7-988e-76e000ea017f,"Automatic, Electric"
Renault,Kangoo,2017,"12,722 km",Transporter,White,BLANC,,,"Automatic, Electric",Electric,Automatic,,,3,,11179,,,"€ 13,490.-",Used,We have developed a new application design for you:,Used,,6 months,,61 hp,10,45 kW,"12,722 km",https://www.autoscout24.com//offers/renault-kangoo-ii-express-ze-maxi-grand-volume-grand-confort-electric-white-464ca1ee-c4cc-4ea6-a8bb-4456744af48a,"Automatic, Electric"
Nissan,Leaf,2015,"31,700 km",Sedans,White,blanc,,,"Automatic, Electric",Electric,Automatic,,,5,5,29majuz,,,"€ 10,890.-",Used,We have developed a new application design for you:,Used,,6 months,,109 hp,11,80 kW,"31,700 km",https://www.autoscout24.com//offers/nissan-leaf-2-109hp-visia-auto-electric-white-608aabc6-7c8b-4408-8b27-f49c8805ad03,"Automatic, Electric"
Nissan,Leaf,2019,"6,000 km",Sedans,Bronze,BRONZE ULTIME,,,"Automatic, Electric",Electric,Automatic,,,5,,96192,,,"€ 17,999.-",Used,We have developed a new application design for you:,Used,,12 months,,110 hp,12,81 kW,"6,000 km",https://www.autoscout24.com//offers/nissan-leaf-109ch-30kwh-tekna-electric-bronze-dd9602fb-a114-4fd1-8636-c62b790a4fbb,"Automatic, Electric"
BMW,i3,2019,"2,349 km",Sedans,Blue,IMPERIAL BLAU,,,"Automatic, Electric",Electric,Automatic,,,5,,RAB2020427,,,"€ 29,876.-",Used,We have developed a new application design for you:,Used,,24 months,,173 hp,13,127 kW,"2,349 km",https://www.autoscout24.com//offers/bmw-i3-170ch-120ah-edition-360-loft-electric-blue-c601eeb0-b002-407a-81aa-a27ca6a55281,"Automatic, Electric"
Renault,ZOE,2015,"25,605 km",Sedans,Grey,GRIS,,,"Automatic, Electric",Electric,Automatic,,,5,,losa-DY-442-HA,,,"€ 8,490.-",Used,We have developed a new application design for you:,Used,,6 months,,90 hp,14,66 kW,"25,605 km",https://www.autoscout24.com//offers/renault-zoe-zen-charge-normale-electric-grey-3836f5d1-320f-4432-bb23-b7d68422532f,"Automatic, Electric"
Nissan,Leaf,2019,"30,832 km",Compact,Black,NOIR,,,"Automatic, Electric",Electric,Automatic,,,5,,32756,,,"€ 11,590.-",Used,We have developed a new application design for you:,Used,,6 months,,110 hp,15,81 kW,"30,832 km",https://www.autoscout24.com//offers/nissan-leaf-109ch-24kwh-visia-electric-black-6965dcd9-026d-4acf-bae2-de5a261c2def,"Automatic, Electric"
Renault,ZOE,2015,"78,574 km",Sedans,Grey,GRIS,,,"Automatic, Electric",Electric,Automatic,,,5,5,re62c10-DT-298-EL,,,"€ 8,490.-",Used,We have developed a new application design for you:,Used,,6 months,,90 hp,16,66 kW,"78,574 km",https://www.autoscout24.com//offers/renault-zoe-intens-charge-normale-electric-grey-90b83e6b-6eda-456d-b7d7-ad74f42ed2fd,"Automatic, Electric"
Renault,ZOE,2014,"65,395 km",Sedans,Blue,Bleu Azur,,,"Automatic, Electric",Electric,Automatic,,,5,,20415,,,"€ 7,499.-",Used,We have developed a new application design for you:,Used,,12 months,,90 hp,17,66 kW,"65,395 km",https://www.autoscout24.com//offers/renault-zoe-life-charge-rapide-electric-blue-0c47ffb5-54ac-4b19-b986-d735234ad554,"Automatic, Electric"
Renault,ZOE,2017,"36,718 km",Sedans,Blue,BLEU,,,"Automatic, Electric",Electric,Automatic,,,5,5,re62c4-EL-752-JJ,,,"€ 12,390.-",Used,We have developed a new application design for you:,Used,,6 months,,94 hp,18,69 kW,"36,718 km",https://www.autoscout24.com//offers/renault-zoe-intens-charge-normale-r90-electric-blue-78e9521a-aa20-4f0a-a53a-703671fe369c,"Automatic, Electric"
Renault,ZOE,2017,"23,066 km",Sedans,White,BLANC,,,"Automatic, Electric",Electric,Automatic,,,5,5,mase-EJ-256-HK,,,"€ 11,490.-",Used,We have developed a new application design for you:,Used,,12 months,,94 hp,19,69 kW,"23,066 km",https://www.autoscout24.com//offers/renault-zoe-intens-charge-normale-r90-250-km-d-autonomie-av-electric-white-fea516d7-82e1-4228-b1ee-cfb24d97675c,"Automatic, Electric"
Renault,Kangoo,2014,"14,235 km",Sedans,White,blanc,,,"Automatic, Electric",Electric,Automatic,,,4,,VO193165,,,"€ 8,490.-",Used,We have developed a new application design for you:,Used,,6 months,,60 hp,20,44 kW,"14,235 km",https://www.autoscout24.com//offers/renault-kangoo-express-ze-z-e-grand-confort-electric-white-2494f3d3-79f0-4d13-9383-bc2acdf7943c,"Automatic, Electric"
Renault,ZOE,2017,"48,497 km",Sedans,Grey,GRIS TITANIUM,,,Electric,Electric,,,,,,VO009003,,,"€ 10,900.-",Used,We have developed a new application design for you:,Used,,12 months,,- hp,21,- kW,"48,497 km",https://www.autoscout24.com//offers/renault-zoe-zen-gamme-2017-electric-grey-ba36b12a-e174-4368-984d-0e5f3f238207,Electric
Renault,ZOE,2015,"19,927 km",Sedans,White,blanc,,,"Automatic, Electric",Electric,Automatic,,,5,5,51140MCA,,,"€ 10,390.-",Used,We have developed a new application design for you:,Used,,,,88 hp,22,65 kW,"19,927 km",https://www.autoscout24.com//offers/renault-zoe-life-charge-normale-electric-white-1a01956b-fea3-4983-adc0-aabb6e30fd67,"Automatic, Electric"
Renault,ZOE,2019,"12,000 km",Sedans,White,blanc,,,"Automatic, Electric",Electric,Automatic,,,5,5,GW_AML607,,,"€ 14,288.-",Used,We have developed a new application design for you:,Used,,,,92 hp,23,68 kW,"12,000 km",https://www.autoscout24.com//offers/renault-zoe-life-r240-radars-gps-climaaut-bt-electric-white-d4f6e1d9-e21a-45d8-b42c-713063a138cb,"Automatic, Electric"
Renault,ZOE,2019,"26,360 km",Sedans,Beige,Beige Métal,,,"Automatic, Electric",Electric,Automatic,,,5,,16703,,1,"€ 14,299.-",Used,We have developed a new application design for you:,Used,,12 months,,94 hp,24,69 kW,"26,360 km",https://www.autoscout24.com//offers/renault-zoe-intens-charge-normale-r90-electric-beige-91bf92e5-5905-4414-8ace-b80d6dfc382c,"Automatic, Electric"
Renault,ZOE,2018,"9,348 km",Sedans,Grey,GRIS,,,"Automatic, Electric",Electric,Automatic,,,5,5,re51c2-FB-229-BT,,,"€ 14,800.-",Used,We have developed a new application design for you:,Used,,12 months,,94 hp,25,69 kW,"9,348 km",https://www.autoscout24.com//offers/renault-zoe-intens-charge-normale-r90-electric-grey-d570b981-9747-48c9-b795-45aebcc0975f,"Automatic, Electric"
Renault,ZOE,2018,"13,595 km",Sedans,Grey,Gris Foncé Métal,,,"Automatic, Electric",Electric,Automatic,,,5,,226361,,,"€ 14,500.-",Used,We have developed a new application design for you:,Used,,,,94 hp,26,69 kW,"13,595 km",https://www.autoscout24.com//offers/renault-zoe-intens-charge-normale-r90-electric-grey-7bdfcd4b-677d-4963-a785-424c21307426,"Automatic, Electric"
Audi,e-tron,2020,"5,000 km",Off-Road/Pick-up,,NOIR MYTHIC METAL,,,"Automatic, Electric",Electric,Automatic,,,5,5,au57c2-FQ-377-WT,Metallic,,"€ 94,900.-",Used,We have developed a new application design for you:,Used,,,,234 hp,27,172 kW,"5,000 km",https://www.autoscout24.com//offers/audi-e-tron-50-230ch-s-line-e-quattro-electric-14615164-2f3d-4bf5-a987-f3cbd514fc11,"Automatic, Electric"
Renault,ZOE,2015,"34,556 km",Sedans,Blue,BLEU,,,"Automatic, Electric",Electric,Automatic,,,5,5,re51c2-DW-038-ZL,,,"€ 9,200.-",Used,We have developed a new application design for you:,Used,,6 months,,90 hp,28,66 kW,"34,556 km",https://www.autoscout24.com//offers/renault-zoe-intens-charge-normale-electric-blue-4085868d-2bd0-483d-9d21-0628433e759f,"Automatic, Electric"
Citroen,C-Zero,2016,"16,070 km",Sedans,White,BLANC,,,"Automatic, Electric",Electric,Automatic,,,5,,2020153,,,"€ 9,900.-",Used,We have developed a new application design for you:,Used,,,,68 hp,29,50 kW,"16,070 km",https://www.autoscout24.com//offers/citroen-c-zero-confort-electric-white-4880190d-b9c0-4dd1-ad61-3fed2ec07195,"Automatic, Electric"
Renault,ZOE,2017,"20,522 km",Sedans,White,BLANC,,,"Automatic, Electric",Electric,Automatic,,,5,5,re13c1-EP-974-PY,,,"€ 12,490.-",Used,We have developed a new application design for you:,Used,,12 months,,94 hp,30,69 kW,"20,522 km",https://www.autoscout24.com//offers/renault-zoe-intens-charge-normale-r90-electric-white-64a37333-e5b6-417a-98f1-4ddbffe05d7f,"Automatic, Electric"
Renault,ZOE,2015,"17,616 km",Sedans,,GRIS GIVRE,,,Electric,Electric,,,,5,5,casa-DQ-130-BJ,,,"€ 11,490.-",Used,We have developed a new application design for you:,Used,,12 months,,90 hp,31,66 kW,"17,616 km",https://www.autoscout24.com//offers/renault-zoe-zen-charge-rapide-electric-9a3a5d35-4009-411c-8922-f7627003b652,Electric
BMW,i3,2020,"5,000 km",Sedans,,Capparis White uni avec lisere,,,"Automatic, Electric",Electric,Automatic,,,5,,5593022,,,"€ 32,900.-",Used,We have developed a new application design for you:,Used,,,,173 hp,32,127 kW,"5,000 km",https://www.autoscout24.com//offers/bmw-i3-170ch-120ah-ilife-atelier-electric-0e22cd1a-1ea4-4d32-b66d-dc3e0157f6df,"Automatic, Electric"
Renault,ZOE,2018,"58,093 km",Sedans,Grey,gris foncé,,,"Automatic, Electric",Electric,Automatic,,,5,,VO420345,,,"€ 11,990.-",Used,We have developed a new application design for you:,Used,,12 months,,90 hp,33,66 kW,"58,093 km",https://www.autoscout24.com//offers/renault-zoe-r90-intens-electric-grey-9c0eda6e-707d-415a-8aba-97e088f05976,"Automatic, Electric"
Renault,ZOE,2016,"19,000 km",Sedans,,TEINTE CAISSE BLANC GLACIER,,,Electric,Electric,,,,,,VO019152,,,"€ 10,290.-",Used,We have developed a new application design for you:,Used,,6 months,,- hp,34,- kW,"19,000 km",https://www.autoscout24.com//offers/renault-zoe-life-electric-afbdf970-c329-4f46-b3bd-bdb100810445,Electric
Peugeot,2008,2020,"1,000 km",Other,,,,,"Automatic, Electric",Electric,Automatic,,,5,,753752,,,"€ 41,200.-",Used,We have developed a new application design for you:,Used,,,,- hp,35,- kW,"1,000 km",https://www.autoscout24.com//offers/peugeot-2008-e-2008-136ch-gt-electric-c8008a25-92e4-4a0f-8db4-0c88dadcc442,"Automatic, Electric"
Renault,ZOE,2016,"49,480 km",Sedans,White,BLANC,,,"Automatic, Electric",Electric,Automatic,,,5,5,re13c1-DZ-787-FW,,,"€ 8,390.-",Used,We have developed a new application design for you:,Used,,6 months,,90 hp,36,66 kW,"49,480 km",https://www.autoscout24.com//offers/renault-zoe-life-charge-normale-type-2-electric-white-2f3bbd29-c140-438b-970a-40739a6b7c0d,"Automatic, Electric"
BMW,i3,2015,"18,261 km",Compact,,Laurus Grey metallise avec lis,,,"Automatic, Electric",Electric,Automatic,,,5,,909659,Metallic,,"€ 18,999.-",Used,We have developed a new application design for you:,Used,,24 months,,173 hp,37,127 kW,"18,261 km",https://www.autoscout24.com//offers/bmw-i3-170ch-60ah-atelier-electric-f3282114-791b-4b07-aa5c-5c49902c8e5c,"Automatic, Electric"
Peugeot,Partner,2017,"12,431 km",Station wagon,,GRIS MISTRAL,,,"Automatic, Electric",Electric,Automatic,,,5,5,sova-EQ-480-WX,,,"€ 15,890.-",Used,We have developed a new application design for you:,Used,,12 months,,- hp,38,- kW,"12,431 km",https://www.autoscout24.com//offers/peugeot-partner-tepee-electrique-allure-electric-2eb029e5-1fdc-4e7c-b37b-9854722e1d27,"Automatic, Electric"
Renault,ZOE,2018,"35,256 km",Sedans,White,BLANC,,,"Automatic, Electric",Electric,Automatic,,,5,5,re62c10-EW-612-GG,,,"€ 11,790.-",Used,We have developed a new application design for you:,Used,,6 months,,94 hp,39,69 kW,"35,256 km",https://www.autoscout24.com//offers/renault-zoe-star-wars-charge-normale-r90-electric-white-51635896-4589-4ed8-8cd7-a8a4f4cf883e,"Automatic, Electric"
Renault,ZOE,2016,"45,795 km",Sedans,White,Blanc Glacier,,,"Automatic, Electric",Electric,Automatic,,,5,,20855,,,"€ 8,299.-",Used,We have developed a new application design for you:,Used,,12 months,,90 hp,40,66 kW,"45,795 km",https://www.autoscout24.com//offers/renault-zoe-life-charge-normale-type-2-electric-white-ae73fe85-3e95-4614-8613-600334819755,"Automatic, Electric"
BMW,i3,2017,"44,703 km",Sedans,,Capparis White uni avec lisere,,,"Automatic, Electric",Electric,Automatic,,,5,,92528,,1,"€ 20,450.-",Used,We have developed a new application design for you:,Used,,,,173 hp,41,127 kW,"44,703 km",https://www.autoscout24.com//offers/bmw-i3-170ch-94ah-edition-loft-electric-f1fd6eb4-545a-47f7-869a-debf351d7d29,"Automatic, Electric"
Renault,ZOE,2018,"19,450 km",Sedans,Grey,GRIS CLAIR,,,"Automatic, Electric",Electric,Automatic,,,5,5,re51c1-FA-366-ES,,,"€ 13,990.-",Used,We have developed a new application design for you:,Used,,12 months,,110 hp,42,81 kW,"19,450 km",https://www.autoscout24.com//offers/renault-zoe-intens-r110-my18-electric-grey-6ffeed8f-ae21-48af-b22a-c8fb4aed7809,"Automatic, Electric"
Renault,ZOE,2018,"10,239 km",Sedans,White,BLANC,,,"Automatic, Electric",Electric,Automatic,,,5,5,re73c2-FC-713-RN,,,"€ 12,490.-",Used,We have developed a new application design for you:,Used,,12 months,,94 hp,43,69 kW,"10,239 km",https://www.autoscout24.com//offers/renault-zoe-life-charge-normale-r90-my19-electric-white-7c5155a6-ad0c-4c6f-95cc-b66d713500e6,"Automatic, Electric"
BMW,i3,2014,"87,252 km",Sedans,,Andesite silver,,,"Automatic, Electric",Electric,Automatic,,,5,,2008019,,,"€ 14,990.-",Used,We have developed a new application design for you:,Used,,24 months,,173 hp,44,127 kW,"87,252 km",https://www.autoscout24.com//offers/bmw-i3-170ch-urban-life-electric-984a1f83-ed77-4c60-8bd0-4d9df4d00586,"Automatic, Electric"
Renault,Kangoo,2015,"33,544 km",Van,White,blanc,,,"Automatic, Electric",Electric,Automatic,,,3,2,GW_AW419,,,"€ 7,788.-",Used,We have developed a new application design for you:,Used,,,,60 hp,45,44 kW,"33,544 km",https://www.autoscout24.com//offers/renault-kangoo-z-e-2pl-electric-white-e821eb02-0bc0-4ba0-b4eb-1af3229c0030,"Automatic, Electric"
BMW,i3,2019,"4,742 km",Sedans,Blue,Imperial Blue,,,"Automatic, Electric",Electric,Automatic,,,5,,26820,,,"€ 35,390.-",Used,We have developed a new application design for you:,Used,,24 months,,173 hp,46,127 kW,"4,742 km",https://www.autoscout24.com//offers/bmw-i3-170ch-120ah-ilife-atelier-electric-blue-4fa205fb-2b35-4386-8839-bc257fff38cc,"Automatic, Electric"
Renault,ZOE,2019,"26,360 km",Sedans,Beige,Beige Métal,,,"Automatic, Electric",Electric,Automatic,,,5,,16703,,1,"€ 14,299.-",Used,We have developed a new application design for you:,Used,,12 months,,94 hp,47,69 kW,"26,360 km",https://www.autoscout24.com//offers/renault-zoe-intens-charge-normale-r90-electric-beige-91bf92e5-5905-4414-8ace-b80d6dfc382c,"Automatic, Electric"
BMW,i3,2018,"39,704 km",Sedans,Grey,GRIS F,,,"Automatic, Electric",Electric,Automatic,,,5,,20327,,1,"€ 22,900.-",Used,We have developed a new application design for you:,Used,,24 months,,173 hp,48,127 kW,"39,704 km",https://www.autoscout24.com//offers/bmw-i3-170ch-94ah-connected-atelier-electric-grey-3aa13440-830a-4ec4-aa30-5d11730a9c03,"Automatic, Electric"
Nissan,Leaf,2013,"34,500 km",Sedans,White,,,,"Automatic, Electric",Electric,Automatic,,,5,5,,,,"€ 9,000.-",Used,We have developed a new application design for you:,Used,,,"1,525 kg",109 hp,49,80 kW,"34,500 km",https://www.autoscout24.com//offers/nissan-leaf-electrique-electric-white-d83f51ae-d99e-506e-e053-0100007f6906,"Automatic, Electric"
Renault,ZOE,2018,"22,675 km",Compact,Black,Noir Etoilé,,,"Automatic, Electric",Electric,Automatic,,,5,,201015,,1,"€ 13,499.-",Used,We have developed a new application design for you:,Used,,,,94 hp,50,69 kW,"22,675 km",https://www.autoscout24.com//offers/renault-zoe-intens-charge-normale-r90-electric-black-8f98a64d-3280-4306-885d-12b4f31fbf9b,"Automatic, Electric"
Renault,ZOE,2016,"60,009 km",Sedans,,BLEU FOUDRE,,,Electric,Electric,,,,,,VO001038,,,"€ 9,400.-",Used,We have developed a new application design for you:,Used,,12 months,,- hp,51,- kW,"60,009 km",https://www.autoscout24.com//offers/renault-zoe-intens-electric-6665743d-40ce-42a2-bc8f-a70a5385327d,Electric
Hyundai,Ioniq,2019,"25,290 km",Sedans,White,BLANC,,,"Automatic, Electric",Electric,Automatic,,,5,,200134,,1,"€ 24,999.-",Used,We have developed a new application design for you:,Used,,,,122 hp,52,90 kW,"25,290 km",https://www.autoscout24.com//offers/hyundai-ioniq-electric-120ch-executive-electric-white-fdaac80f-95d4-4509-b4ca-795bf3543f3f,"Automatic, Electric"
Peugeot,2008,2020,"6,100 km",Other,,,,,"Automatic, Electric",Electric,Automatic,,,5,,740162,,,"€ 40,990.-",Used,We have developed a new application design for you:,Used,,,,- hp,53,- kW,"6,100 km",https://www.autoscout24.com//offers/peugeot-2008-e-2008-136ch-gt-electric-865ee228-3c85-4496-83b7-ffa587173383,"Automatic, Electric"
Renault,ZOE,2018,"58,093 km",Sedans,Grey,gris foncé,,,"Automatic, Electric",Electric,Automatic,,,5,,VO420345,,,"€ 11,990.-",Used,We have developed a new application design for you:,Used,,12 months,,90 hp,54,66 kW,"58,093 km",https://www.autoscout24.com//offers/renault-zoe-r90-intens-electric-grey-9c0eda6e-707d-415a-8aba-97e088f05976,"Automatic, Electric"
Renault,Kangoo,2015,"33,544 km",Van,White,blanc,,,"Automatic, Electric",Electric,Automatic,,,3,2,GW_AW419,,,"€ 7,788.-",Used,We have developed a new application design for you:,Used,,,,60 hp,55,44 kW,"33,544 km",https://www.autoscout24.com//offers/renault-kangoo-z-e-2pl-electric-white-e821eb02-0bc0-4ba0-b4eb-1af3229c0030,"Automatic, Electric"
Toyota,C-HR,2020,10 km,Off-Road/Pick-up,Blue,bleu,,,"Automatic, Electric",Electric,Automatic,,,5,5,11911511,,,"€ 31,058.-",Used,We have developed a new application design for you:,Used,,28 months,,184 hp,56,135 kW,10 km,https://www.autoscout24.com//offers/toyota-c-hr-hybride-mc19-2-0l-184ch-edition-electric-blue-5196c065-519f-41c0-8687-9d126f8c1488,"Automatic, Electric"
Renault,ZOE,2016,"9,255 km",Sedans,Grey,GRIS,,,"Automatic, Electric",Electric,Automatic,,,5,5,re73c3-EF-149-QP,,,"€ 9,490.-",Used,We have developed a new application design for you:,Used,,6 months,,90 hp,57,66 kW,"9,255 km",https://www.autoscout24.com//offers/renault-zoe-life-charge-rapide-type-2-electric-grey-90f50dc2-a78a-4ec7-a5ba-ae69e554c69c,"Automatic, Electric"
Renault,ZOE,2017,"46,616 km",Sedans,White,blanc,,,"Automatic, Electric",Electric,Automatic,,,5,,VO809718,,,"€ 8,290.-",Used,We have developed a new application design for you:,Used,,12 months,,88 hp,58,65 kW,"46,616 km",https://www.autoscout24.com//offers/renault-zoe-life-electric-white-bf4f20a8-88b3-4c96-bce7-a2c75fb79c40,"Automatic, Electric"
Nissan,Leaf,2016,"45,610 km",Compact,White,BLANC,,,"Automatic, Electric",Electric,Automatic,,,5,,32759,,,"€ 10,490.-",Used,We have developed a new application design for you:,Used,,6 months,,110 hp,59,81 kW,"45,610 km",https://www.autoscout24.com//offers/nissan-leaf-109ch-24kwh-visia-electric-white-eca29135-bfbd-47cc-b8ec-1b73353e67a1,"Automatic, Electric"
Renault,ZOE,2016,"42,733 km",Sedans,Blue,bleu azur,,,"Automatic, Electric",Electric,Automatic,,,5,,VO929477,,,"€ 8,990.-",Used,We have developed a new application design for you:,Used,,6 months,,- hp,60,- kW,"42,733 km",https://www.autoscout24.com//offers/renault-zoe-life-electric-blue-8ae92c9a-d6f3-41a2-a385-5d7dc7cf4c5b,"Automatic, Electric"
Renault,ZOE,2019,"15,675 km",Sedans,Grey,GRIS TITANIUM,,,"Automatic, Electric",Electric,Automatic,,,5,5,re62c8-FD-374-FN,,,"€ 12,490.-",Used,We have developed a new application design for you:,Used,,,,94 hp,61,69 kW,"15,675 km",https://www.autoscout24.com//offers/renault-zoe-zen-charge-normale-r90-electric-grey-2c8b8e10-7f09-4247-9405-da5e037bbe8f,"Automatic, Electric"
Renault,ZOE,2018,"10,239 km",Sedans,White,BLANC,,,"Automatic, Electric",Electric,Automatic,,,5,5,re73c2-FC-713-RN,,,"€ 12,490.-",Used,We have developed a new application design for you:,Used,,12 months,,94 hp,62,69 kW,"10,239 km",https://www.autoscout24.com//offers/renault-zoe-life-charge-normale-r90-my19-electric-white-7c5155a6-ad0c-4c6f-95cc-b66d713500e6,"Automatic, Electric"
Renault,ZOE,2018,"13,595 km",Sedans,Grey,Gris Foncé Métal,,,"Automatic, Electric",Electric,Automatic,,,5,5,bm13c1-EW-373-PY,,,"€ 14,490.-",Used,We have developed a new application design for you:,Used,,,,94 hp,63,69 kW,"13,595 km",https://www.autoscout24.com//offers/renault-zoe-intens-charge-normale-r90-electric-grey-0b20afdc-42d5-45cd-add7-ecf86062b537,"Automatic, Electric"
BMW,i3,2019,"5,706 km",Sedans,,IMPERIALBLAU AVEC ACCENT FROZE,,,"Automatic, Electric",Electric,Automatic,,,5,,42352,Metallic,,"€ 36,300.-",Used,We have developed a new application design for you:,Used,,24 months,,186 hp,64,137 kW,"5,706 km",https://www.autoscout24.com//offers/bmw-i3-s-184ch-120ah-ilife-atelier-electric-f4997c93-acd3-4515-a72a-12fa38ff0c0a,"Automatic, Electric"
Renault,ZOE,2014,"49,987 km",Sedans,White,BLANC,,,"Automatic, Electric",Electric,Automatic,,,5,,661323,,,"€ 7,980.-",Used,We have developed a new application design for you:,Used,,,,90 hp,65,66 kW,"49,987 km",https://www.autoscout24.com//offers/renault-zoe-life-charge-rapide-electric-white-32de9208-615a-4dc4-8b08-ee206b385d0b,"Automatic, Electric"
Renault,ZOE,2017,"21,105 km",Sedans,White,BLANC GLACIER,,,"Automatic, Electric",Electric,Automatic,,,5,,13120,,,"€ 12,499.-",Used,We have developed a new application design for you:,Used,,12 months,,94 hp,67,69 kW,"21,105 km",https://www.autoscout24.com//offers/renault-zoe-zen-charge-normale-r90-electric-white-7565b133-a0f1-41ef-90a1-3eb74841b126,"Automatic, Electric"
Renault,ZOE,2019,"15,675 km",Sedans,Grey,GRIS TITANIUM,,,"Automatic, Electric",Electric,Automatic,,,5,5,re62c8-FD-374-FN,,,"€ 12,490.-",Used,We have developed a new application design for you:,Used,,,,94 hp,68,69 kW,"15,675 km",https://www.autoscout24.com//offers/renault-zoe-zen-charge-normale-r90-electric-grey-2c8b8e10-7f09-4247-9405-da5e037bbe8f,"Automatic, Electric"
MINI,Cooper,2020,"2,500 km",Sedans,,White Silver metallise,,,"Automatic, Electric",Electric,Automatic,,,5,,3334007,Metallic,,"€ 35,900.-",Used,We have developed a new application design for you:,Used,,,,186 hp,69,137 kW,"2,500 km",https://www.autoscout24.com//offers/mini-cooper-se-184ch-edition-greenwich-bva-electric-87568d6a-feae-4ab3-807f-1c7677e6b499,"Automatic, Electric"
Renault,ZOE,2016,"19,000 km",Sedans,,TEINTE CAISSE BLANC GLACIER,,,Electric,Electric,,,,,,VO019152,,,"€ 10,290.-",Used,We have developed a new application design for you:,Used,,6 months,,- hp,70,- kW,"19,000 km",https://www.autoscout24.com//offers/renault-zoe-life-electric-afbdf970-c329-4f46-b3bd-bdb100810445,Electric
Renault,ZOE,2019,"8,183 km",Sedans,White,blanc,,,"Automatic, Electric",Electric,Automatic,,,5,,VO905295,,,"€ 13,290.-",Used,We have developed a new application design for you:,Used,,12 months,,90 hp,71,66 kW,"8,183 km",https://www.autoscout24.com//offers/renault-zoe-q90-ch-rapide-life-electric-white-17151b3c-2239-420e-b160-c5fde98bf54a,"Automatic, Electric"
Renault,ZOE,2019,"7,511 km",Sedans,White,BLANC,,,"Automatic, Electric",Electric,Automatic,,,5,5,re59c1-FH-675-CN,,,"€ 13,490.-",Used,We have developed a new application design for you:,Used,,12 months,,94 hp,72,69 kW,"7,511 km",https://www.autoscout24.com//offers/renault-zoe-life-charge-normale-r90-my19-electric-white-a3fc233a-0b2b-446b-8dcb-c3c48c577700,"Automatic, Electric"
Renault,ZOE,2015,"26,338 km",Sedans,White,blanc,,,"Automatic, Electric",Electric,Automatic,,,5,5,1bdwrro,,,"€ 7,490.-",Used,We have developed a new application design for you:,Used,,,,88 hp,73,65 kW,"26,338 km",https://www.autoscout24.com//offers/renault-zoe-life-electric-white-e4f73dd6-b5f9-43b2-b448-88b44a3a5642,"Automatic, Electric"
Renault,Kangoo,2015,"33,544 km",Van,White,blanc,,,"Automatic, Electric",Electric,Automatic,,,3,2,GW_AW419,,,"€ 7,788.-",Used,We have developed a new application design for you:,Used,,,,60 hp,74,44 kW,"33,544 km",https://www.autoscout24.com//offers/renault-kangoo-z-e-2pl-electric-white-e821eb02-0bc0-4ba0-b4eb-1af3229c0030,"Automatic, Electric"
BMW,i3,2019,"6,000 km",Sedans,Black,NOIR METAL,,,"Automatic, Electric",Electric,Automatic,,,5,4,bm59c1-FM-379-TM,Metallic,,"€ 37,900.-",Used,We have developed a new application design for you:,Used,,,,186 hp,75,137 kW,"6,000 km",https://www.autoscout24.com//offers/bmw-i3-s-184ch-120ah-ilife-suite-electric-black-e6c0f9b1-a18b-43d7-b106-71e75e44ff99,"Automatic, Electric"
Renault,Twingo,2017,"28,815 km",Sedans,Grey,gris clair,,,"Manual, Electric",Electric,Manual,5,,5,,VO619922,,,"€ 9,990.-",Used,We have developed a new application design for you:,Used,,12 months,,90 hp,76,66 kW,"28,815 km",https://www.autoscout24.com//offers/renault-twingo-iii-0-9-tce-90-energy-zen-electric-grey-26137b1b-62fa-4e95-9b5d-70169fe93597,"Manual, Electric"
Peugeot,208,2020,10 km,Sedans,,ROUGE ELIXIR,,,"Automatic, Electric",Electric,Automatic,,,5,,HE42644,,,"€ 32,390.-",Used,We have developed a new application design for you:,Used,,12 months,,- hp,77,- kW,10 km,https://www.autoscout24.com//offers/peugeot-208-e-208-136ch-active-business-electric-449f2660-bac9-4dd5-ba77-bacf7434fd1f,"Automatic, Electric"
MINI,Cooper,2020,"6,000 km",Sedans,,White Silver metallise,,,"Automatic, Electric",Electric,Automatic,,,5,,320030,Metallic,,"€ 36,990.-",Used,We have developed a new application design for you:,Used,,,,186 hp,78,137 kW,"6,000 km",https://www.autoscout24.com//offers/mini-cooper-se-184ch-edition-greenwich-bva-electric-4db462c4-aaa4-49ab-bcab-642d77d4b5fb,"Automatic, Electric"
Nissan,NV200,2015,"42,100 km",Transporter,White,BLANC,,,"Automatic, Electric",Electric,Automatic,,,3,,121288,,,"€ 10,500.-",Used,We have developed a new application design for you:,Used,,12 months,,110 hp,79,81 kW,"42,100 km",https://www.autoscout24.com//offers/nissan-nv200-e-nv200-optima-5p-electric-white-cbb0be18-49ac-4c7c-a6a4-8bf1ef5fa43e,"Automatic, Electric"
Renault,ZOE,2020,"5,000 km",Sedans,Blue,BLEU,,,"Automatic, Electric",Electric,Automatic,,,5,5,re02c4-FP-159-DM,,,"€ 25,590.-",Used,We have developed a new application design for you:,Used,,,,110 hp,80,81 kW,"5,000 km",https://www.autoscout24.com//offers/renault-zoe-zen-charge-normale-r110-electric-blue-4838d87a-383c-4e9a-837a-7c78feca544c,"Automatic, Electric"
Renault,ZOE,2017,"32,127 km",Sedans,White,BLANC,,,"Automatic, Electric",Electric,Automatic,,,5,5,re02c3-ER-890-DX,,,"€ 9,990.-",Used,We have developed a new application design for you:,Used,,6 months,,90 hp,81,66 kW,"32,127 km",https://www.autoscout24.com//offers/renault-zoe-life-charge-rapide-q90-electric-white-dc3e3fa6-bd4d-439f-95d2-06e5a180bd0e,"Automatic, Electric"
Renault,ZOE,2017,"31,674 km",Sedans,Blue,BLEU,,,"Automatic, Electric",Electric,Automatic,,,5,5,gath-EM-546-TQ,,,"€ 12,390.-",Used,We have developed a new application design for you:,Used,,6 months,,94 hp,82,69 kW,"31,674 km",https://www.autoscout24.com//offers/renault-zoe-zen-charge-normale-r90-electric-blue-df212a9a-edd9-4b3b-b078-82c4e2daf6d9,"Automatic, Electric"
Renault,ZOE,2017,"29,881 km",Sedans,White,BLANC,,,"Automatic, Electric",Electric,Automatic,,,5,5,re93c2-EM-190-WH,,,"€ 10,490.-",Used,We have developed a new application design for you:,Used,,12 months,,94 hp,83,69 kW,"29,881 km",https://www.autoscout24.com//offers/renault-zoe-intens-charge-normale-electric-white-064b0be4-6337-4b9d-b464-1a4eb6d11e40,"Automatic, Electric"
Nissan,Leaf,2016,"117,151 km",Sedans,Grey,GRIS CLAIR,,,"Automatic, Electric",Electric,Automatic,,,5,,96734,,1,"€ 10,499.-",Used,We have developed a new application design for you:,Used,,12 months,,110 hp,84,81 kW,"117,151 km",https://www.autoscout24.com//offers/nissan-leaf-109ch-30kwh-acenta-electric-grey-c475890d-9f7b-4b16-b8ed-1a84c265b39c,"Automatic, Electric"
Hyundai,Kona,2020,"2,000 km",Station wagon,Grey,Galactic grey,,,"Automatic, Electric",Electric,Automatic,,,5,,566,,1,"€ 35,900.-",Used,We have developed a new application design for you:,Used,,,,207 hp,85,152 kW,"2,000 km",https://www.autoscout24.com//offers/hyundai-kona-electric-204ch-executive-euro6d-t-evap-3cv-electric-grey-3e09ce55-043e-493f-a7f6-1c3845436377,"Automatic, Electric"
Renault,ZOE,2017,"25,861 km",Sedans,Grey,GRIS,,,"Automatic, Electric",Electric,Automatic,,,5,5,dian-EQ-823-BW,,,"€ 9,990.-",Used,We have developed a new application design for you:,Used,,12 months,,94 hp,86,69 kW,"25,861 km",https://www.autoscout24.com//offers/renault-zoe-zen-charge-normale-r90-electric-grey-1494cc78-f4e9-4bb5-bf23-5a4df0bfa8e8,"Automatic, Electric"
Renault,ZOE,2016,"43,813 km",Sedans,White,blanc,,,"Automatic, Electric",Electric,Automatic,,,5,,VO193266,,,"€ 9,290.-",Used,We have developed a new application design for you:,Used,,6 months,,88 hp,87,65 kW,"43,813 km",https://www.autoscout24.com//offers/renault-zoe-life-electric-white-173ef2bd-2cf6-47e8-8bbc-257ae3810912,"Automatic, Electric"
BMW,i3,2017,"30,891 km",Sedans,,FLUID BLACK POUR BLACK EDITION,,,"Automatic, Electric",Electric,Automatic,,,5,,VO01293,,,"€ 19,900.-",Used,We have developed a new application design for you:,Used,,24 months,,173 hp,88,127 kW,"30,891 km",https://www.autoscout24.com//offers/bmw-i3-170ch-94ah-edition-atelier-electric-d0f75c6e-0361-41d1-92d8-46fdf4e59beb,"Automatic, Electric"
BMW,i3,2016,"9,838 km",Sedans,,Capparis White uni avec lisere,,,"Automatic, Electric",Electric,Automatic,,,5,,OLL27519,,,"€ 25,790.-",Used,We have developed a new application design for you:,Used,,24 months,,- hp,89,- kW,"9,838 km",https://www.autoscout24.com//offers/bmw-i3-170ch-60ah-rex-urban-life-atelier-electric-c42027b9-3e21-4c58-8a63-e092b549625b,"Automatic, Electric"
Renault,ZOE,2013,"44,100 km",Sedans,White,wit,,,"Manual, Electric",Electric,Manual,,,4,,1011861,,,"€ 11,500.-",Used,We have developed a new application design for you:,Used,,12 months,,- hp,90,- kW,"44,100 km",https://www.autoscout24.com//offers/renault-zoe-electric-white-121ef27f-d284-41a7-bad4-665a9775def1,"Manual, Electric"
Nissan,Leaf,2016,"45,318 km",Compact,White,BLANC,,,"Automatic, Electric",Electric,Automatic,,,5,,32758,,,"€ 10,490.-",Used,We have developed a new application design for you:,Used,,,,110 hp,91,81 kW,"45,318 km",https://www.autoscout24.com//offers/nissan-leaf-109ch-24kwh-visia-electric-white-972df64b-bdde-46f6-aab0-b23ed4b46b4f,"Automatic, Electric"
Peugeot,208,2020,"2,000 km",Sedans,Grey,GRIS ARTENSE,,,"Automatic, Electric",Electric,Automatic,,,5,5,abc3-FN-573-BZ,,,"€ 34,580.-",Used,We have developed a new application design for you:,Used,,12 months,,- hp,92,- kW,"2,000 km",https://www.autoscout24.com//offers/peugeot-208-e-208-136ch-gt-line-electric-grey-e722b6bb-c9f0-4433-b068-ab94d0da3763,"Automatic, Electric"
BMW,i3,2017,"12,289 km",Sedans,,Capparis White,,,"Automatic, Electric",Electric,Automatic,,,5,4,bm59c1-EK-915-VC,,,"€ 20,990.-",Used,We have developed a new application design for you:,Used,,24 months,,173 hp,93,127 kW,"12,289 km",https://www.autoscout24.com//offers/bmw-i3-170ch-94ah-edition-atelier-electric-9d61e02f-2160-4aa9-b535-61afb0cf71ca,"Automatic, Electric"
Peugeot,3008,2013,"40,356 km",Station wagon,Brown,MARRON,,,"Automatic, Electric",Electric,Automatic,,,5,,274,,,"€ 21,000.-",Used,We have developed a new application design for you:,Used,,3 months,,166 hp,94,122 kW,"40,356 km",https://www.autoscout24.com//offers/peugeot-3008-hybrid4-electric-brown-0708f0bc-cd41-40f3-b6c9-0fb71723944a,"Automatic, Electric"
Renault,ZOE,2018,"58,093 km",Sedans,Grey,gris foncé,,,"Automatic, Electric",Electric,Automatic,,,5,,VO420345,,,"€ 11,990.-",Used,We have developed a new application design for you:,Used,,12 months,,90 hp,95,66 kW,"58,093 km",https://www.autoscout24.com//offers/renault-zoe-r90-intens-electric-grey-9c0eda6e-707d-415a-8aba-97e088f05976,"Automatic, Electric"
BMW,i3,2017,"44,703 km",Sedans,,Capparis White uni avec lisere,,,"Automatic, Electric",Electric,Automatic,,,5,,92528,,1,"€ 20,450.-",Used,We have developed a new application design for you:,Used,,,,173 hp,96,127 kW,"44,703 km",https://www.autoscout24.com//offers/bmw-i3-170ch-94ah-edition-loft-electric-f1fd6eb4-545a-47f7-869a-debf351d7d29,"Automatic, Electric"
Renault,ZOE,2017,"37,214 km",Sedans,White,BLANC,,,"Automatic, Electric",Electric,Automatic,,,5,5,re73c1-EJ-932-JP,,,"€ 10,490.-",Used,We have developed a new application design for you:,Used,,12 months,,77 hp,97,57 kW,"37,214 km",https://www.autoscout24.com//offers/renault-zoe-life-charge-normale-electric-white-f29af5bc-35c9-4b44-bc0e-badd0c88ff80,"Automatic, Electric"
BMW,i3,2017,"30,107 km",Sedans,,CAPPARIS WHITE UNI AVEC LISERE,,,"Automatic, Electric",Electric,Automatic,,,5,,ST2299,,1,"€ 22,990.-",Used,We have developed a new application design for you:,Used,,24 months,,173 hp,98,127 kW,"30,107 km",https://www.autoscout24.com//offers/bmw-i3-170ch-94ah-rex-edition-atelier-electric-d3de41d3-d796-414a-b060-1a4b51fd443c,"Automatic, Electric"
Renault,Kangoo,2014,"14,235 km",Sedans,White,blanc,,,"Automatic, Electric",Electric,Automatic,,,4,,VO193165,,,"€ 8,490.-",Used,We have developed a new application design for you:,Used,,6 months,,60 hp,99,44 kW,"14,235 km",https://www.autoscout24.com//offers/renault-kangoo-express-ze-z-e-grand-confort-electric-white-2494f3d3-79f0-4d13-9383-bc2acdf7943c,"Automatic, Electric"
Renault,ZOE,2018,"35,256 km",Sedans,White,BLANC,,,"Automatic, Electric",Electric,Automatic,,,5,5,re62c10-EW-612-GG,,,"€ 11,790.-",Used,We have developed a new application design for you:,Used,,6 months,,94 hp,100,69 kW,"35,256 km",https://www.autoscout24.com//offers/renault-zoe-star-wars-charge-normale-r90-electric-white-51635896-4589-4ed8-8cd7-a8a4f4cf883e,"Automatic, Electric"
Renault,ZOE,2016,"45,795 km",Sedans,White,Blanc Glacier,,,"Automatic, Electric",Electric,Automatic,,,5,,20855,,,"€ 8,299.-",Used,We have developed a new application design for you:,Used,,12 months,,90 hp,101,66 kW,"45,795 km",https://www.autoscout24.com//offers/renault-zoe-life-charge-normale-type-2-electric-white-ae73fe85-3e95-4614-8613-600334819755,"Automatic, Electric"
Nissan,Leaf,2019,"20,402 km",Sedans,White,BLANC,,,"Automatic, Electric",Electric,Automatic,,,5,,33823,,,"€ 24,499.-",Used,We have developed a new application design for you:,Used,,12 months,,152 hp,102,112 kW,"20,402 km",https://www.autoscout24.com//offers/nissan-leaf-150ch-40kwh-n-connecta-2018-electric-white-e3ffb526-3ae6-42ac-9baf-20563f3bc975,"Automatic, Electric"
Nissan,Leaf,2016,"45,318 km",Compact,White,BLANC,,,"Automatic, Electric",Electric,Automatic,,,5,,32758,,,"€ 10,490.-",Used,We have developed a new application design for you:,Used,,,,110 hp,104,81 kW,"45,318 km",https://www.autoscout24.com//offers/nissan-leaf-109ch-24kwh-visia-electric-white-972df64b-bdde-46f6-aab0-b23ed4b46b4f,"Automatic, Electric"
Renault,ZOE,2016,"25,846 km",Sedans,White,blanc,,,"Automatic, Electric",Electric,Automatic,,,5,5,GW_AW516,,,"€ 14,688.-",Used,We have developed a new application design for you:,Used,,,,92 hp,105,68 kW,"25,846 km",https://www.autoscout24.com//offers/renault-zoe-intens-gps-cam-radars-clima-electric-white-66380177-1828-4501-a5fe-a0e7059b8a6f,"Automatic, Electric"
Renault,Kangoo Z.E.,2016,"15,000 km",Transporter,White,,France,,"Automatic, Electric",Electric,Automatic,1,09/2020,4,2,,,1,"€ 6,790.-",Used,We have developed a new application design for you:,Used,"Cloth, Black",3 months,"1,426 kg",60 hp,106,44 kW,"15,000 km",https://www.autoscout24.com//offers/renault-kangoo-z-e-electrique-confort-15-000-km-electric-white-533f6c83-67bb-42b8-8b50-22e92107e610,"Automatic, Electric"
Renault,ZOE,2018,"40,107 km",Sedans,White,BLANC,,,"Automatic, Electric",Electric,Automatic,,,5,5,mase-EV-278-TB,,,"€ 11,390.-",Used,We have developed a new application design for you:,Used,,12 months,,94 hp,107,69 kW,"40,107 km",https://www.autoscout24.com//offers/renault-zoe-zen-charge-normale-r90-electric-white-1a87f4b5-c30d-437e-bae3-be5fd101247a,"Automatic, Electric"
Renault,ZOE,2015,"19,927 km",Sedans,White,blanc,,,"Automatic, Electric",Electric,Automatic,,,5,5,51140MCA,,,"€ 10,390.-",Used,We have developed a new application design for you:,Used,,,,88 hp,108,65 kW,"19,927 km",https://www.autoscout24.com//offers/renault-zoe-life-charge-normale-electric-white-1a01956b-fea3-4983-adc0-aabb6e30fd67,"Automatic, Electric"
Audi,e-tron,2020,"12,000 km",Off-Road/Pick-up,Blue,bleu,,,"Automatic, Electric",Electric,Automatic,7,,4,5,82a028ed-e88e-4228-92f3-690a2763dabe,Metallic,,"€ 81,948.-",Used,We have developed a new application design for you:,Used,"Full leather, Black",,,- hp,109,- kW,"12,000 km",https://www.autoscout24.com//offers/audi-e-tron-sportback-electric-blue-9b677d57-87fa-4ea7-a971-21a3ebd06d76,"Automatic, Electric"
Renault,ZOE,2017,"23,629 km",Sedans,White,BLANC,,,"Automatic, Electric",Electric,Automatic,,,5,,13175,,,"€ 12,499.-",Used,We have developed a new application design for you:,Used,,12 months,,94 hp,110,69 kW,"23,629 km",https://www.autoscout24.com//offers/renault-zoe-zen-charge-normale-r90-electric-white-db207f49-90c4-4f44-a390-6858a07248d3,"Automatic, Electric"
smart,forFour,2019,"1,895 km",Compact,Silver,Cool silver,,,"Automatic, Electric",Electric,Automatic,,,5,5,cpy_d3bd8202-b86a-4716-b034-3791235d9de7,Metallic,1,"€ 19,900.-",Used,We have developed a new application design for you:,Used,"Part leather, Black",24 months,,82 hp,111,60 kW,"1,895 km",https://www.autoscout24.com//offers/smart-forfour-smart-eq-electric-silver-4faa6300-84a0-4962-8cad-95298926cbf0,"Automatic, Electric"
Nissan,NV200,2015,"42,100 km",Transporter,White,BLANC,,,"Automatic, Electric",Electric,Automatic,,,3,,121288,,,"€ 10,500.-",Used,We have developed a new application design for you:,Used,,12 months,,110 hp,112,81 kW,"42,100 km",https://www.autoscout24.com//offers/nissan-nv200-e-nv200-optima-5p-electric-white-cbb0be18-49ac-4c7c-a6a4-8bf1ef5fa43e,"Automatic, Electric"
Nissan,Leaf,2016,"45,610 km",Compact,White,BLANC,,,"Automatic, Electric",Electric,Automatic,,,5,,32759,,,"€ 10,490.-",Used,We have developed a new application design for you:,Used,,6 months,,110 hp,113,81 kW,"45,610 km",https://www.autoscout24.com//offers/nissan-leaf-109ch-24kwh-visia-electric-white-eca29135-bfbd-47cc-b8ec-1b73353e67a1,"Automatic, Electric"
Renault,ZOE,2013,"16,648 km",Sedans,Black,Noir,,,"Automatic, Electric",Electric,Automatic,,,,,361418,,,"€ 11,500.-",Used,We have developed a new application design for you:,Used,,12 months,,- hp,114,- kW,"16,648 km",https://www.autoscout24.com//offers/renault-zoe-zen-electric-black-72f86567-0ebf-42fd-937a-6a3b13726741,"Automatic, Electric"
Nissan,Leaf,2018,10 km,Sedans,Grey,gris,,,"Automatic, Electric",Electric,Automatic,,,5,,2971x113169,,,"€ 24,580.-",Used,We have developed a new application design for you:,Used,,36 months,,150 hp,115,110 kW,10 km,https://www.autoscout24.com//offers/nissan-leaf-150ch-40kwh-business-type-n-connecta-surequipe-electric-grey-af8e5aea-573a-4e2c-aa92-c5b85ff124f2,"Automatic, Electric"
Nissan,Leaf,2016,"117,151 km",Sedans,Grey,GRIS CLAIR,,,"Automatic, Electric",Electric,Automatic,,,5,,96734,,1,"€ 10,499.-",Used,We have developed a new application design for you:,Used,,12 months,,110 hp,116,81 kW,"117,151 km",https://www.autoscout24.com//offers/nissan-leaf-109ch-30kwh-acenta-electric-grey-c475890d-9f7b-4b16-b8ed-1a84c265b39c,"Automatic, Electric"
Renault,ZOE,2017,"52,721 km",Sedans,White,blanc,,,"Automatic, Electric",Electric,Automatic,,,5,,VO929238,,,"€ 9,490.-",Used,We have developed a new application design for you:,Used,,6 months,,75 hp,117,55 kW,"52,721 km",https://www.autoscout24.com//offers/renault-zoe-life-gamme-2017-electric-white-10ef3852-a145-4f87-bacc-52cc5747b135,"Automatic, Electric"
Renault,ZOE,2015,"64,772 km",Sedans,Grey,gris,,,"Automatic, Electric",Electric,Automatic,,,5,,VO009461,,,"€ 7,990.-",Used,We have developed a new application design for you:,Used,,6 months,,88 hp,118,65 kW,"64,772 km",https://www.autoscout24.com//offers/renault-zoe-zen-electric-grey-7a707296-8b1b-423a-863d-91ff9783a448,"Automatic, Electric"
Renault,ZOE,2017,"37,691 km",Sedans,Red,rouge foncé,,,"Automatic, Electric",Electric,Automatic,,,5,,VO192737,,,"€ 9,390.-",Used,We have developed a new application design for you:,Used,,6 months,,- hp,119,- kW,"37,691 km",https://www.autoscout24.com//offers/renault-zoe-life-electric-red-81290835-ce9d-4fd0-82e8-f2e56e7f4db6,"Automatic, Electric"
Renault,ZOE,2018,"8,423 km",Sedans,White,BLANC GLACIER,,,Electric,Electric,,,,,,VO040986,,,"€ 14,490.-",Used,We have developed a new application design for you:,Used,,12 months,,- hp,120,- kW,"8,423 km",https://www.autoscout24.com//offers/renault-zoe-r90-zen-electric-white-4f6e5637-c7d8-4e0c-9e67-75a95b23e178,Electric
Renault,ZOE,2018,"18,266 km",Sedans,Grey,titane,,,"Automatic, Electric",Electric,Automatic,,,5,,VO906005,,,"€ 14,900.-",Used,We have developed a new application design for you:,Used,,12 months,,110 hp,121,81 kW,"18,266 km",https://www.autoscout24.com//offers/renault-zoe-r110-intens-electric-grey-c180cba8-1a54-4da1-9304-f378100d4028,"Automatic, Electric"
Nissan,Leaf,2016,"17,529 km",Sedans,White,BLANC,,,"Automatic, Electric",Electric,Automatic,,,5,5,jn59c4-EH-698-GW,,,"€ 11,990.-",Used,We have developed a new application design for you:,Used,,12 months,,110 hp,122,81 kW,"17,529 km",https://www.autoscout24.com//offers/nissan-leaf-109ch-24kwh-acenta-electric-white-b6c7aebf-d8e0-438c-8b26-f76b163110aa,"Automatic, Electric"
Peugeot,208,,248 km,Sedans,Yellow,Jaune Faro,,,"Automatic, Electric",Electric,Automatic,1,,5,,,,,"€ 29,810.-",Used,We have developed a new application design for you:,Used,,,,136 hp,123,100 kW,248 km,https://www.autoscout24.com//offers/peugeot-208-peugeot-active-electrique-50-kwh-136ch-aide-stat-electric-yellow-f61450ca-b8bb-449b-9ad7-84760a8b7cf8,"Automatic, Electric"
Renault,ZOE,2016,"13,708 km",Sedans,Blue,BLEU,,,"Automatic, Electric",Electric,Automatic,,,5,,690826,,,"€ 9,480.-",Used,We have developed a new application design for you:,Used,,,,90 hp,124,66 kW,"13,708 km",https://www.autoscout24.com//offers/renault-zoe-life-charge-normale-type-2-electric-blue-cd97318f-048a-4846-a524-d19e1205f24a,"Automatic, Electric"
Renault,ZOE,2018,"19,714 km",Sedans,White,BLANCHE,,,"Automatic, Electric",Electric,Automatic,,,5,5,re51c3-FB-216-WY,,,"€ 11,490.-",Used,We have developed a new application design for you:,Used,,12 months,,94 hp,125,69 kW,"19,714 km",https://www.autoscout24.com//offers/renault-zoe-city-charge-normale-r90-loc-batterie-electric-white-5d2f155f-55bf-4176-a4bb-b6cb952c17ca,"Automatic, Electric"
Renault,ZOE,2014,"49,987 km",Sedans,White,BLANC,,,"Automatic, Electric",Electric,Automatic,,,5,,661323,,,"€ 7,980.-",Used,We have developed a new application design for you:,Used,,,,90 hp,126,66 kW,"49,987 km",https://www.autoscout24.com//offers/renault-zoe-life-charge-rapide-electric-white-32de9208-615a-4dc4-8b08-ee206b385d0b,"Automatic, Electric"
Nissan,Leaf,2019,"18,854 km",Sedans,White,BLANC,,,"Automatic, Electric",Electric,Automatic,,,5,,FE50401,,1,"€ 23,690.-",Used,We have developed a new application design for you:,Used,,12 months,,152 hp,127,112 kW,"18,854 km",https://www.autoscout24.com//offers/nissan-leaf-150ch-40kwh-n-connecta-2018-electric-white-348b1e6f-f8a4-4093-9ec6-88041c890c0e,"Automatic, Electric"
Renault,ZOE,2017,"8,964 km",Sedans,White,blanc,,,"Automatic, Electric",Electric,Automatic,,,5,,VO919882,,,"€ 11,490.-",Used,We have developed a new application design for you:,Used,,12 months,,88 hp,128,65 kW,"8,964 km",https://www.autoscout24.com//offers/renault-zoe-intens-electric-white-b6e1863e-ce6a-404c-968c-8be0b1e949a8,"Automatic, Electric"
Nissan,Leaf,2016,"38,800 km",Sedans,White,BLANC,,,"Automatic, Electric",Electric,Automatic,,,5,,1919,,,"€ 10,490.-",Used,We have developed a new application design for you:,Used,,12 months,,110 hp,129,81 kW,"38,800 km",https://www.autoscout24.com//offers/nissan-leaf-109ch-24kwh-acenta-electric-white-1354dd0b-ee62-455e-88d5-b7b95a1247d6,"Automatic, Electric"
Renault,ZOE,2017,"24,665 km",Sedans,,Peinture Bla,,,"Automatic, Electric",Electric,Automatic,,,5,5,re59c2-ET-375-CH,,,"€ 12,490.-",Used,We have developed a new application design for you:,Used,,6 months,,90 hp,130,66 kW,"24,665 km",https://www.autoscout24.com//offers/renault-zoe-intens-charge-rapide-q90-electric-5bbdb5e1-92f9-4b4e-a533-1d940d9c4556,"Automatic, Electric"
Renault,ZOE,2017,"40,144 km",Sedans,White,BLANC,,,"Automatic, Electric",Electric,Automatic,,,5,,13286,,,"€ 10,299.-",Used,We have developed a new application design for you:,Used,,12 months,,94 hp,131,69 kW,"40,144 km",https://www.autoscout24.com//offers/renault-zoe-zen-charge-normale-r90-electric-white-8630711c-dde5-4953-96fd-e1e00e277189,"Automatic, Electric"
Renault,ZOE,2016,"20,677 km",Compact,White,Blanc Glacier,,,"Automatic, Electric",Electric,Automatic,,,5,,rv327617,,,"€ 10,690.-",Used,We have developed a new application design for you:,Used,,12 months,,- hp,132,- kW,"20,677 km",https://www.autoscout24.com//offers/renault-zoe-life-electric-white-a9f292c8-d72c-444d-85c9-67dd9a687735,"Automatic, Electric"
Audi,e-tron,2020,"3,000 km",Off-Road/Pick-up,Black,NOIR MYTHIC,,,"Automatic, Electric",Electric,Automatic,,,5,5,vw03c3-FP-925-JP,,,"€ 69,990.-",Used,We have developed a new application design for you:,Used,,,,234 hp,133,172 kW,"3,000 km",https://www.autoscout24.com//offers/audi-e-tron-50-230ch-avus-e-quattro-12cv-electric-black-e78be1a0-a8ad-4d45-94b8-5461b7212c7c,"Automatic, Electric"
Peugeot,208,2020,"6,000 km",Sedans,Grey,gris artense,,,"Automatic, Electric",Electric,Automatic,,,5,,VEFS522JK,,,"€ 25,399.-",Used,We have developed a new application design for you:,Used,,12 months,,- hp,135,- kW,"6,000 km",https://www.autoscout24.com//offers/peugeot-208-e-208-136ch-active-electric-grey-9541cd63-b4c9-4ba1-9427-c7251b95fef2,"Automatic, Electric"
Nissan,Leaf,2016,"45,610 km",Compact,White,BLANC,,,"Automatic, Electric",Electric,Automatic,,,5,,32759,,,"€ 10,490.-",Used,We have developed a new application design for you:,Used,,6 months,,110 hp,136,81 kW,"45,610 km",https://www.autoscout24.com//offers/nissan-leaf-109ch-24kwh-visia-electric-white-eca29135-bfbd-47cc-b8ec-1b73353e67a1,"Automatic, Electric"
Nissan,Leaf,2019,"10,043 km",Sedans,White,BLANC Nacré,,,"Automatic, Electric",Electric,Automatic,,,5,,a62b0864-67ec-4178-9b14-d118593b9017,,1,"€ 27,682.-",Used,We have developed a new application design for you:,Used,,,,152 hp,137,112 kW,"10,043 km",https://www.autoscout24.com//offers/nissan-leaf-150ch-40kwh-tekna-electric-white-c0525d88-b248-403a-b5c3-924bfa54c9ee,"Automatic, Electric"
MINI,Cooper,2020,250 km,Compact,Blue,bleu nuit metal,,,"Automatic, Electric",Electric,Automatic,,,3,,5629936,Metallic,1,"€ 40,800.-",Used,We have developed a new application design for you:,Used,,,,186 hp,138,137 kW,250 km,https://www.autoscout24.com//offers/mini-cooper-se-184ch-yours-bva-electric-blue-aef15a6c-1d67-4a1a-8ba1-86f88b6bada1,"Automatic, Electric"
BMW,i3,2020,"2,500 km",Sedans,,Fluid Black,,,"Automatic, Electric",Electric,Automatic,,,5,,5623482,,,"€ 36,500.-",Used,We have developed a new application design for you:,Used,,,,173 hp,139,127 kW,"2,500 km",https://www.autoscout24.com//offers/bmw-i3-170ch-120ah-edition-windmill-electric-442c7b75-aa8c-4b92-9efb-270b5a508352,"Automatic, Electric"
Citroen,C-Zero,2012,"35,000 km",Other,,,,,"Automatic, Electric",Electric,Automatic,,,5,,247662,,,"€ 7,490.-",Used,We have developed a new application design for you:,Used,,,,- hp,140,- kW,"35,000 km",https://www.autoscout24.com//offers/citroen-c-zero-airdream-electric-e75f1cc3-b912-42f7-b765-dd211f820d9d,"Automatic, Electric"
Nissan,Leaf,2016,"45,041 km",Compact,White,BLANC ARCTIQUE,,,"Automatic, Electric",Electric,Automatic,,,5,,32763,,,"€ 10,490.-",Used,We have developed a new application design for you:,Used,,6 months,,110 hp,141,81 kW,"45,041 km",https://www.autoscout24.com//offers/nissan-leaf-109ch-24kwh-visia-electric-white-98279582-0de0-4dd2-97f0-a08bdb458bb9,"Automatic, Electric"
MINI,Cooper,2020,"5,000 km",Sedans,,Enigmatic Black,,,"Automatic, Electric",Electric,Automatic,,,3,,3334160,,1,"€ 40,800.-",Used,We have developed a new application design for you:,Used,,,,186 hp,142,137 kW,"5,000 km",https://www.autoscout24.com//offers/mini-cooper-se-184ch-yours-bva-electric-c4324f94-47d2-4fc4-afee-3c49dcae3323,"Automatic, Electric"
Renault,ZOE,2017,"12,267 km",Sedans,,TEINTE CAISS,,,"Automatic, Electric",Electric,Automatic,,,5,5,losa1-EK-106-GJ,,,"€ 9,290.-",Used,We have developed a new application design for you:,Used,,12 months,,77 hp,143,57 kW,"12,267 km",https://www.autoscout24.com//offers/renault-zoe-life-charge-normale-electric-1495c0c4-d5e6-4937-bd58-a2f3c1762842,"Automatic, Electric"
Renault,ZOE,2017,"59,121 km",Sedans,White,blanc,,,"Automatic, Electric",Electric,Automatic,,,5,,VO906477,,,"€ 10,600.-",Used,We have developed a new application design for you:,Used,,6 months,,75 hp,144,55 kW,"59,121 km",https://www.autoscout24.com//offers/renault-zoe-life-gamme-2017-electric-white-12842413-1998-4b78-8270-b9a9bdbb2dc5,"Automatic, Electric"
Nissan,Leaf,2014,"66,614 km",Sedans,White,BLANC LUNAIR,,,"Automatic, Electric",Electric,Automatic,,,5,5,jn59c1-DG-430-MJ,,,"€ 10,990.-",Used,We have developed a new application design for you:,Used,,,,110 hp,145,81 kW,"66,614 km",https://www.autoscout24.com//offers/nissan-leaf-109ch-tekna-electric-white-208d4ae9-b64a-448b-9d99-abdcbfab480c,"Automatic, Electric"
BMW,i3,2016,"16,063 km",Sedans,,Capparis White uni avec lisere,,,"Automatic, Electric",Electric,Automatic,,,5,,7467,,,"€ 21,999.-",Used,We have developed a new application design for you:,Used,,24 months,,- hp,146,- kW,"16,063 km",https://www.autoscout24.com//offers/bmw-i3-170ch-60ah-rex-atelier-electric-8c696bea-b0af-4d38-9ccf-c65c189c7105,"Automatic, Electric"
Renault,ZOE,2018,12 km,Sedans,White,blanc,,,"Automatic, Electric",Electric,Automatic,,,5,,VO121999,,,"€ 13,790.-",Used,We have developed a new application design for you:,Used,,12 months,,75 hp,147,55 kW,12 km,https://www.autoscout24.com//offers/renault-zoe-r75-life-electric-white-5f588f8e-be0e-440b-a78e-cec8ccf33bce,"Automatic, Electric"
Nissan,Leaf,2016,"30,438 km",Sedans,White,BLANC,,,"Automatic, Electric",Electric,Automatic,,,5,,O200909,,,"€ 10,990.-",Used,We have developed a new application design for you:,Used,,12 months,,110 hp,148,81 kW,"30,438 km",https://www.autoscout24.com//offers/nissan-leaf-109ch-24kwh-acenta-electric-white-780bcf7f-3b13-438d-b7dc-1ffcbdbdf0b0,"Automatic, Electric"
Renault,ZOE,2016,"41,460 km",Sedans,White,blanc,,,"Automatic, Electric",Electric,Automatic,,,5,,VO009406,,,"€ 8,690.-",Used,We have developed a new application design for you:,Used,,6 months,,88 hp,149,65 kW,"41,460 km",https://www.autoscout24.com//offers/renault-zoe-life-electric-white-606d3fa4-9779-4ad6-b496-14c73e0a71e8,"Automatic, Electric"
BMW,i3,2020,"5,000 km",Sedans,,Capparis White uni avec lisere,,,"Automatic, Electric",Electric,Automatic,,,5,,5595493,,,"€ 39,900.-",Used,We have developed a new application design for you:,Used,,,,186 hp,150,137 kW,"5,000 km",https://www.autoscout24.com//offers/bmw-i3-s-184ch-120ah-ilife-atelier-electric-0c8ad968-ce74-4cb2-9806-f8799e77ba52,"Automatic, Electric"
Renault,ZOE,2016,"45,795 km",Sedans,White,Blanc Glacier,,,"Automatic, Electric",Electric,Automatic,,,5,,20855,,,"€ 8,299.-",Used,We have developed a new application design for you:,Used,,12 months,,90 hp,151,66 kW,"45,795 km",https://www.autoscout24.com//offers/renault-zoe-life-charge-normale-type-2-electric-white-ae73fe85-3e95-4614-8613-600334819755,"Automatic, Electric"
Renault,ZOE,2015,"64,772 km",Sedans,Grey,gris,,,"Automatic, Electric",Electric,Automatic,,,5,,VO009461,,,"€ 7,990.-",Used,We have developed a new application design for you:,Used,,6 months,,88 hp,152,65 kW,"64,772 km",https://www.autoscout24.com//offers/renault-zoe-zen-electric-grey-7a707296-8b1b-423a-863d-91ff9783a448,"Automatic, Electric"
BMW,i3,2018,"30,500 km",Sedans,,Mineral Grey metallise avec li,,,"Automatic, Electric",Electric,Automatic,,,5,4,bm59c1-ET-483-JT,Metallic,,"€ 20,490.-",Used,We have developed a new application design for you:,Used,,24 months,,173 hp,153,127 kW,"30,500 km",https://www.autoscout24.com//offers/bmw-i3-170ch-94ah-ilife-atelier-electric-c883f544-1d91-425e-a3d5-99fb55dfc916,"Automatic, Electric"
Renault,ZOE,2017,"21,105 km",Sedans,White,BLANC GLACIER,,,"Automatic, Electric",Electric,Automatic,,,5,,13120,,,"€ 12,499.-",Used,We have developed a new application design for you:,Used,,12 months,,94 hp,154,69 kW,"21,105 km",https://www.autoscout24.com//offers/renault-zoe-zen-charge-normale-r90-electric-white-7565b133-a0f1-41ef-90a1-3eb74841b126,"Automatic, Electric"
Renault,ZOE,2020,"5,000 km",Sedans,,BLEU CELADON,,,"Automatic, Electric",Electric,Automatic,,,5,5,re73c3-FQ-209-TK,,,"€ 26,590.-",Used,We have developed a new application design for you:,Used,,,,110 hp,155,81 kW,"5,000 km",https://www.autoscout24.com//offers/renault-zoe-zen-charge-normale-r110-achat-integral-electric-732671ce-2bef-4380-b67f-26277047facc,"Automatic, Electric"
Renault,ZOE,2019,"26,360 km",Sedans,Beige,Beige Métal,,,"Automatic, Electric",Electric,Automatic,,,5,,16703,,1,"€ 14,299.-",Used,We have developed a new application design for you:,Used,,12 months,,94 hp,156,69 kW,"26,360 km",https://www.autoscout24.com//offers/renault-zoe-intens-charge-normale-r90-electric-beige-91bf92e5-5905-4414-8ace-b80d6dfc382c,"Automatic, Electric"
Renault,ZOE,2014,"77,000 km",Compact,White,,,,"Automatic, Electric",Electric,Automatic,,,5,5,d3d8f0f0-7332-47bc-9421-b81f3f9ce239,,,"€ 7,490.-",Used,We have developed a new application design for you:,Used,"Cloth, Black",,"1,468 kg",88 hp,157,65 kW,"77,000 km",https://www.autoscout24.com//offers/renault-zoe-intens-r240-electric-white-2542ffc3-9d7f-43ea-ba7e-664964ac04ed,"Automatic, Electric"
Renault,ZOE,2018,"6,346 km",Sedans,Grey,GRIS,,,"Automatic, Electric",Electric,Automatic,,,5,5,re51c2-EX-497-NL,,,"€ 13,991.-",Used,We have developed a new application design for you:,Used,,6 months,,94 hp,158,69 kW,"6,346 km",https://www.autoscout24.com//offers/renault-zoe-intens-charge-normale-r90-electric-grey-30505c0e-7c8c-472d-bd67-571102ad9d55,"Automatic, Electric"
Renault,ZOE,2017,"26,483 km",Sedans,White,blanc,,,"Automatic, Electric",Electric,Automatic,,,5,,VO219515,,,"€ 13,230.-",Used,We have developed a new application design for you:,Used,,12 months,,90 hp,159,66 kW,"26,483 km",https://www.autoscout24.com//offers/renault-zoe-intens-gamme-2017-electric-white-ffaed178-d265-4abd-a03d-326aa8c47991,"Automatic, Electric"
Nissan,Leaf,2019,"44,011 km",Sedans,Black,NOIR,,,"Automatic, Electric",Electric,Automatic,,,5,,7128,,1,"€ 20,980.-",Used,We have developed a new application design for you:,Used,,,,152 hp,160,112 kW,"44,011 km",https://www.autoscout24.com//offers/nissan-leaf-150ch-40kwh-n-connecta-electric-black-4080e13f-0a58-4f47-abcd-51dbbbc9aaf1,"Automatic, Electric"
Peugeot,208,2020,"3,500 km",Other,Grey,,,,Electric,Electric,,,,,,762250,,,"€ 37,300.-",Used,We have developed a new application design for you:,Used,,,,- hp,161,- kW,"3,500 km",https://www.autoscout24.com//offers/peugeot-208-gt-line-moteur-electrique-136-ch-100-kw-electric-grey-5a487b63-adc8-4c51-bc9b-e013b7342211,Electric
BMW,i3,2020,"3,000 km",Sedans,,Fluid Black,,,"Automatic, Electric",Electric,Automatic,,,5,,5598070,,,"€ 39,900.-",Used,We have developed a new application design for you:,Used,,24 months,,173 hp,162,127 kW,"3,000 km",https://www.autoscout24.com//offers/bmw-i3-170ch-120ah-ilife-atelier-electric-9ce3ae46-cd36-4e74-9de2-a3dbec13a127,"Automatic, Electric"
Renault,ZOE,2014,"49,987 km",Sedans,White,BLANC,,,"Automatic, Electric",Electric,Automatic,,,5,,661323,,,"€ 7,980.-",Used,We have developed a new application design for you:,Used,,,,90 hp,163,66 kW,"49,987 km",https://www.autoscout24.com//offers/renault-zoe-life-charge-rapide-electric-white-32de9208-615a-4dc4-8b08-ee206b385d0b,"Automatic, Electric"
Renault,ZOE,2017,"52,721 km",Sedans,White,blanc,,,"Automatic, Electric",Electric,Automatic,,,5,,VO929238,,,"€ 9,490.-",Used,We have developed a new application design for you:,Used,,6 months,,75 hp,164,55 kW,"52,721 km",https://www.autoscout24.com//offers/renault-zoe-life-gamme-2017-electric-white-10ef3852-a145-4f87-bacc-52cc5747b135,"Automatic, Electric"
Hyundai,Ioniq,2019,"4,000 km",Sedans,,IRON GRAY,,,"Automatic, Electric",Electric,Automatic,,,5,,LT102431,,1,"€ 27,990.-",Used,We have developed a new application design for you:,Used,,,,137 hp,165,101 kW,"4,000 km",https://www.autoscout24.com//offers/hyundai-ioniq-electric-136ch-executive-electric-d99b2d9f-8f2a-4dd3-8da6-fb008c27d298,"Automatic, Electric"
Renault,ZOE,2017,"29,881 km",Sedans,White,BLANC,,,"Automatic, Electric",Electric,Automatic,,,5,5,re93c2-EM-190-WH,,,"€ 10,490.-",Used,We have developed a new application design for you:,Used,,12 months,,94 hp,166,69 kW,"29,881 km",https://www.autoscout24.com//offers/renault-zoe-intens-charge-normale-electric-white-064b0be4-6337-4b9d-b464-1a4eb6d11e40,"Automatic, Electric"
BMW,i3,2019,"8,000 km",Sedans,,CAPPARIS WHITE,,,"Automatic, Electric",Electric,Automatic,,,5,,5351,,1,"€ 33,900.-",Used,We have developed a new application design for you:,Used,,,,173 hp,167,127 kW,"8,000 km",https://www.autoscout24.com//offers/bmw-i3-170ch-120ah-edition-360-atelier-electric-9cb77b4a-cab7-4243-b726-e9aee44e62e7,"Automatic, Electric"
Renault,ZOE,2019,"5,900 km",Sedans,Blue,bleu,,,"Automatic, Electric",Electric,Automatic,,,5,5,VN000454,,,"€ 20,990.-",Used,We have developed a new application design for you:,Used,,,,135 hp,168,99 kW,"5,900 km",https://www.autoscout24.com//offers/renault-zoe-nouvelle-intens-r135-electric-blue-1ef8d1d4-d5a3-4e13-8b4e-8f6bcbc49197,"Automatic, Electric"
Renault,ZOE,2016,"80,189 km",Sedans,Grey,gris clair,,,"Automatic, Electric",Electric,Automatic,,,5,,VO303254,,,"€ 7,900.-",Used,We have developed a new application design for you:,Used,,6 months,,88 hp,169,65 kW,"80,189 km",https://www.autoscout24.com//offers/renault-zoe-life-electric-grey-cae36a72-47a5-496f-90d6-732cad4c04b9,"Automatic, Electric"
Citroen,Berlingo,2018,"7,502 km",Van,White,,,,"Automatic, Electric",Electric,Automatic,,,5,,cpy_a45caa75-41cb-437b-8d82-82e95311271b,Uni/basic,,"€ 23,890.-",Used,We have developed a new application design for you:,Used,"Velour, Grey",12 months,,48 hp,170,35 kW,"7,502 km",https://www.autoscout24.com//offers/citroen-berlingo-electric-white-e9ffc021-42ac-4292-84b3-21b3779a4b9e,"Automatic, Electric"
Renault,ZOE,2017,"16,731 km",Sedans,Grey,GRIS,,,"Automatic, Electric",Electric,Automatic,,,5,5,dian-EK-786-JM,,,"€ 9,990.-",Used,We have developed a new application design for you:,Used,,12 months,,94 hp,171,69 kW,"16,731 km",https://www.autoscout24.com//offers/renault-zoe-zen-charge-normale-r90-electric-grey-3f306e4a-3e74-48f4-a223-cae4ca72a029,"Automatic, Electric"
Renault,ZOE,2019,"12,000 km",Sedans,White,blanc,,,"Automatic, Electric",Electric,Automatic,,,5,5,GW_AML607,,,"€ 14,288.-",Used,We have developed a new application design for you:,Used,,,,92 hp,172,68 kW,"12,000 km",https://www.autoscout24.com//offers/renault-zoe-life-r240-radars-gps-climaaut-bt-electric-white-d4f6e1d9-e21a-45d8-b42c-713063a138cb,"Automatic, Electric"
Renault,ZOE,2015,"26,338 km",Sedans,White,blanc,,,"Automatic, Electric",Electric,Automatic,,,5,5,1bdwrro,,,"€ 7,490.-",Used,We have developed a new application design for you:,Used,,,,88 hp,173,65 kW,"26,338 km",https://www.autoscout24.com//offers/renault-zoe-life-electric-white-e4f73dd6-b5f9-43b2-b448-88b44a3a5642,"Automatic, Electric"
BMW,i3,2017,"18,700 km",Sedans,Grey,Mineral Grey,,,"Automatic, Electric",Electric,Automatic,,,5,,10193,,1,"€ 24,990.-",Used,We have developed a new application design for you:,Used,,24 months,,173 hp,174,127 kW,"18,700 km",https://www.autoscout24.com//offers/bmw-i3-170ch-94ah-edition-atelier-electric-grey-c2d18770-8306-4b7c-b0fd-3d4e39923545,"Automatic, Electric"
Renault,ZOE,2018,"30,659 km",Sedans,Grey,GRIS FONCE,,,"Automatic, Electric",Electric,Automatic,,,5,5,losa-EW-465-SR,,,"€ 12,990.-",Used,We have developed a new application design for you:,Used,,12 months,,90 hp,175,66 kW,"30,659 km",https://www.autoscout24.com//offers/renault-zoe-zen-charge-rapide-q90-electric-grey-e416a9d3-14ba-405d-98f4-b836b1c2a430,"Automatic, Electric"
Renault,ZOE,2017,"8,163 km",Sedans,Black,noir,,,"Automatic, Electric",Electric,Automatic,,,5,,VO192826,,,"€ 11,990.-",Used,We have developed a new application design for you:,Used,,6 months,,- hp,176,- kW,"8,163 km",https://www.autoscout24.com//offers/renault-zoe-intens-electric-black-88755bb2-f5a4-42d6-b2c0-b661bcbb6693,"Automatic, Electric"
Peugeot,iOn,2012,"18,914 km",Compact,White,BLANC,,,"Automatic, Electric",Electric,Automatic,,,5,,534536,,,"€ 6,999.-",Used,We have developed a new application design for you:,Used,,3 months,,67 hp,177,49 kW,"18,914 km",https://www.autoscout24.com//offers/peugeot-ion-electrique-active-electric-white-d8815e00-1d64-4356-af23-74c4bdec39e3,"Automatic, Electric"
Renault,ZOE,2017,"21,105 km",Sedans,White,BLANC GLACIER,,,"Automatic, Electric",Electric,Automatic,,,5,,13120,,,"€ 12,499.-",Used,We have developed a new application design for you:,Used,,12 months,,94 hp,178,69 kW,"21,105 km",https://www.autoscout24.com//offers/renault-zoe-zen-charge-normale-r90-electric-white-7565b133-a0f1-41ef-90a1-3eb74841b126,"Automatic, Electric"
Renault,ZOE,2017,"59,121 km",Sedans,White,blanc,,,"Automatic, Electric",Electric,Automatic,,,5,,VO906477,,,"€ 10,600.-",Used,We have developed a new application design for you:,Used,,6 months,,75 hp,179,55 kW,"59,121 km",https://www.autoscout24.com//offers/renault-zoe-life-gamme-2017-electric-white-12842413-1998-4b78-8270-b9a9bdbb2dc5,"Automatic, Electric"
smart,forFour,2020,"3,000 km",Sedans,Black,Noir Métal,,,"Automatic, Electric",Electric,Automatic,,,5,,0953107185,,,"€ 21,620.-",Used,We have developed a new application design for you:,Used,,24 months,,83 hp,180,61 kW,"3,000 km",https://www.autoscout24.com//offers/smart-forfour-electrique-82ch-prime-electric-black-c8932341-2e80-4b5b-aa1c-660a71f347f6,"Automatic, Electric"
Renault,ZOE,2014,"31,147 km",Sedans,Black,NOIRE,,,"Automatic, Electric",Electric,Automatic,,,5,5,re13c1-DL-883-ZZ,,,"€ 8,390.-",Used,We have developed a new application design for you:,Used,,6 months,,90 hp,181,66 kW,"31,147 km",https://www.autoscout24.com//offers/renault-zoe-intens-charge-rapide-electric-black-ef666e3f-a760-4ca1-8b3b-175f796bc259,"Automatic, Electric"
Renault,ZOE,2018,"33,753 km",Sedans,Black,NOIR,,,"Automatic, Electric",Electric,Automatic,,,5,5,losa-FB-990-KP,,,"€ 14,280.-",Used,We have developed a new application design for you:,Used,,12 months,,110 hp,182,81 kW,"33,753 km",https://www.autoscout24.com//offers/renault-zoe-intens-r110-my18-electric-black-fd625be9-1eeb-4727-9f66-8415987677ba,"Automatic, Electric"
BMW,i3,2017,"8,788 km",Sedans,Grey,Mineral Grey,,,"Automatic, Electric",Electric,Automatic,,,5,,5155,,,"€ 24,390.-",Used,We have developed a new application design for you:,Used,,24 months,,- hp,183,- kW,"8,788 km",https://www.autoscout24.com//offers/bmw-i3-170ch-94ah-edition-electric-grey-824e4981-9334-4c1e-8511-6fe43547c55a,"Automatic, Electric"
Citroen,C-Zero,2018,"14,821 km",Other,White,,,,"Automatic, Electric",Electric,Automatic,,,5,,572488,,,"€ 11,990.-",Used,We have developed a new application design for you:,Used,,,,- hp,184,- kW,"14,821 km",https://www.autoscout24.com//offers/citroen-c-zero-confort-electric-white-907951b4-868b-4261-8b33-9eb3f77b9c96,"Automatic, Electric"
Renault,ZOE,2015,"78,574 km",Sedans,Grey,GRIS,,,"Automatic, Electric",Electric,Automatic,,,5,5,re62c10-DT-298-EL,,,"€ 8,490.-",Used,We have developed a new application design for you:,Used,,6 months,,90 hp,185,66 kW,"78,574 km",https://www.autoscout24.com//offers/renault-zoe-intens-charge-normale-electric-grey-90b83e6b-6eda-456d-b7d7-ad74f42ed2fd,"Automatic, Electric"
Nissan,Leaf,2016,"49,600 km",Sedans,White,,France,,"Automatic, Electric",Electric,Automatic,,,5,5,,Metallic,1,"€ 10,990.-","Used, Full Service History",We have developed a new application design for you:,Used,"Cloth, Black",6 months,,109 hp,186,80 kW,"49,600 km",https://www.autoscout24.com//offers/nissan-leaf-acenta-109-ch-24-kwh-electric-white-67306d8f-b081-4c21-8e46-97675470ff76,"Automatic, Electric"
smart,forTwo,2020,"2,800 km",Convertible,Red,Rouge Métal,,,"Automatic, Electric",Electric,Automatic,,,2,,0953107160,,,"€ 23,490.-",Used,We have developed a new application design for you:,Used,,24 months,,83 hp,187,61 kW,"2,800 km",https://www.autoscout24.com//offers/smart-fortwo-cabriolet-electrique-82ch-prime-electric-red-b1bb5e9f-0ee6-45ef-b4fd-28235ba1cc95,"Automatic, Electric"
Renault,ZOE,2017,"32,127 km",Sedans,White,BLANC,,,"Automatic, Electric",Electric,Automatic,,,5,5,re02c3-ER-890-DX,,,"€ 9,990.-",Used,We have developed a new application design for you:,Used,,6 months,,90 hp,188,66 kW,"32,127 km",https://www.autoscout24.com//offers/renault-zoe-life-charge-rapide-q90-electric-white-dc3e3fa6-bd4d-439f-95d2-06e5a180bd0e,"Automatic, Electric"
Renault,ZOE,2017,"24,665 km",Sedans,,Peinture Bla,,,"Automatic, Electric",Electric,Automatic,,,5,5,re59c2-ET-375-CH,,,"€ 12,490.-",Used,We have developed a new application design for you:,Used,,6 months,,90 hp,189,66 kW,"24,665 km",https://www.autoscout24.com//offers/renault-zoe-intens-charge-rapide-q90-electric-5bbdb5e1-92f9-4b4e-a533-1d940d9c4556,"Automatic, Electric"
BMW,i3,2020,"6,000 km",Sedans,,Fluid Black,,,"Automatic, Electric",Electric,Automatic,,,5,,5638923,,1,"€ 39,980.-",Used,We have developed a new application design for you:,Used,,,,173 hp,190,127 kW,"6,000 km",https://www.autoscout24.com//offers/bmw-i3-170ch-120ah-edition-360-atelier-electric-fdad8c74-d9e0-468e-aaa7-b16e9d6d3bc0,"Automatic, Electric"
Renault,ZOE,2018,"13,595 km",Sedans,Grey,Gris Foncé Métal,,,"Automatic, Electric",Electric,Automatic,,,5,5,bm13c1-EW-373-PY,,,"€ 14,490.-",Used,We have developed a new application design for you:,Used,,,,94 hp,191,69 kW,"13,595 km",https://www.autoscout24.com//offers/renault-zoe-intens-charge-normale-r90-electric-grey-0b20afdc-42d5-45cd-add7-ecf86062b537,"Automatic, Electric"
Renault,ZOE,2017,"21,105 km",Sedans,White,BLANC GLACIER,,,"Automatic, Electric",Electric,Automatic,,,5,,13120,,,"€ 12,499.-",Used,We have developed a new application design for you:,Used,,12 months,,94 hp,192,69 kW,"21,105 km",https://www.autoscout24.com//offers/renault-zoe-zen-charge-normale-r90-electric-white-7565b133-a0f1-41ef-90a1-3eb74841b126,"Automatic, Electric"
Renault,ZOE,2018,"13,595 km",Sedans,Grey,Gris Foncé Métal,,,"Automatic, Electric",Electric,Automatic,,,5,5,bm13c1-EW-373-PY,,,"€ 14,490.-",Used,We have developed a new application design for you:,Used,,,,94 hp,193,69 kW,"13,595 km",https://www.autoscout24.com//offers/renault-zoe-intens-charge-normale-r90-electric-grey-0b20afdc-42d5-45cd-add7-ecf86062b537,"Automatic, Electric"
BMW,i3,2016,"22,883 km",Sedans,White,BLANC,,,"Automatic, Electric",Electric,Automatic,,,5,,190940,,,"€ 20,765.-",Used,We have developed a new application design for you:,Used,,24 months,,- hp,194,- kW,"22,883 km",https://www.autoscout24.com//offers/bmw-i3-170ch-94ah-atelier-electric-white-4db8f26a-f338-4858-8e3d-3b92a51b8c03,"Automatic, Electric"
Renault,ZOE,2017,"40,144 km",Sedans,White,BLANC,,,"Automatic, Electric",Electric,Automatic,,,5,,13286,,,"€ 10,299.-",Used,We have developed a new application design for you:,Used,,12 months,,94 hp,195,69 kW,"40,144 km",https://www.autoscout24.com//offers/renault-zoe-zen-charge-normale-r90-electric-white-8630711c-dde5-4953-96fd-e1e00e277189,"Automatic, Electric"
Renault,ZOE,2017,"36,755 km",Sedans,White,BLANC,,,"Automatic, Electric",Electric,Automatic,,,5,5,re59c1-EJ-991-NN,,,"€ 9,490.-",Used,We have developed a new application design for you:,Used,,6 months,,94 hp,196,69 kW,"36,755 km",https://www.autoscout24.com//offers/renault-zoe-zen-charge-normale-r90-electric-white-f9f8dc1a-492f-4b39-a9ff-ea3a485096fa,"Automatic, Electric"
